"","team","team_name","year","wins","loss","points_for","points_against","points_differential","margin_of_victory","strength_of_schedule","simple_rating","offensive_ranking","defensive_ranking","playoffs","sb_winner"
"1","Miami","Dolphins",2000,11,5,323,226,97,6.1,1,7.1,0,7.1,"Playoffs","No Superbowl"
"2","Indianapolis","Colts",2000,10,6,429,326,103,6.4,1.5,7.9,7.1,0.8,"Playoffs","No Superbowl"
"3","New York","Jets",2000,9,7,321,321,0,0,3.5,3.5,1.4,2.2,"No Playoffs","No Superbowl"
"4","Buffalo","Bills",2000,8,8,315,350,-35,-2.2,2.2,0,0.5,-0.5,"No Playoffs","No Superbowl"
"5","New England","Patriots",2000,5,11,276,338,-62,-3.9,1.4,-2.5,-2.7,0.2,"No Playoffs","No Superbowl"
"6","Tennessee","Titans",2000,13,3,346,191,155,9.7,-1.3,8.3,1.5,6.8,"Playoffs","No Superbowl"
"7","Baltimore","Ravens",2000,12,4,333,165,168,10.5,-2.5,8,0,8,"Playoffs","Won Superbowl"
"8","Pittsburgh","Steelers",2000,9,7,321,255,66,4.1,-0.2,3.9,0.6,3.3,"No Playoffs","No Superbowl"
"9","Jacksonville","Jaguars",2000,7,9,367,327,40,2.5,-1.4,1.1,3.2,-2.1,"No Playoffs","No Superbowl"
"10","Cincinnati","Bengals",2000,4,12,185,359,-174,-10.9,0.4,-10.5,-8.1,-2.4,"No Playoffs","No Superbowl"
"11","Cleveland","Browns",2000,3,13,161,419,-258,-16.1,1.5,-14.6,-9.1,-5.5,"No Playoffs","No Superbowl"
"12","Oakland","Raiders",2000,12,4,479,299,180,11.3,-1.5,9.7,8,1.8,"Playoffs","No Superbowl"
"13","Denver","Broncos",2000,11,5,485,369,116,7.3,-2.2,5,7.8,-2.7,"Playoffs","No Superbowl"
"14","Kansas City","Chiefs",2000,7,9,355,354,1,0.1,0.6,0.6,0.1,0.6,"No Playoffs","No Superbowl"
"15","Seattle","Seahawks",2000,6,10,320,405,-85,-5.3,1.6,-3.7,-1.4,-2.3,"No Playoffs","No Superbowl"
"16","San Diego","Chargers",2000,1,15,269,440,-171,-10.7,2.6,-8.1,-3.7,-4.4,"No Playoffs","No Superbowl"
"17","New York","Giants",2000,12,4,328,246,82,5.1,-2.7,2.4,-1.3,3.8,"Playoffs","No Superbowl"
"18","Philadelphia","Eagles",2000,11,5,351,245,106,6.6,-3.6,3.1,1,2.1,"Playoffs","No Superbowl"
"19","Washington","Redskins",2000,8,8,281,269,12,0.8,0.2,1,-2.9,3.8,"No Playoffs","No Superbowl"
"20","Dallas","Cowboys",2000,5,11,294,361,-67,-4.2,-0.4,-4.6,-1.5,-3,"No Playoffs","No Superbowl"
"21","Arizona","Cardinals",2000,3,13,210,443,-233,-14.6,-0.7,-15.2,-7.2,-8.1,"No Playoffs","No Superbowl"
"22","Minnesota","Vikings",2000,11,5,397,371,26,1.6,0.3,1.9,4.3,-2.3,"Playoffs","No Superbowl"
"23","Tampa Bay","Buccaneers",2000,10,6,388,269,119,7.4,-0.1,7.3,3.4,3.9,"Playoffs","No Superbowl"
"24","Green Bay","Packers",2000,9,7,353,323,30,1.9,0.6,2.5,1.8,0.7,"No Playoffs","No Superbowl"
"25","Detroit","Lions",2000,9,7,307,307,0,0,1.4,1.4,-0.1,1.5,"No Playoffs","No Superbowl"
"26","Chicago","Bears",2000,5,11,216,355,-139,-8.7,2.4,-6.3,-6.4,0.1,"No Playoffs","No Superbowl"
"27","New Orleans","Saints",2000,10,6,354,305,49,3.1,-2.2,0.9,-1.2,2.1,"Playoffs","No Superbowl"
"28","St. Louis","Rams",2000,10,6,540,471,69,4.3,-1.2,3.1,12.6,-9.5,"Playoffs","No Superbowl"
"29","Carolina","Panthers",2000,7,9,310,310,0,0,-1.1,-1.1,-3.6,2.5,"No Playoffs","No Superbowl"
"30","San Francisco","49ers",2000,6,10,388,422,-34,-2.1,-1.7,-3.8,1.7,-5.5,"No Playoffs","No Superbowl"
"31","Atlanta","Falcons",2000,4,12,252,413,-161,-10.1,1.5,-8.6,-5.7,-2.9,"No Playoffs","No Superbowl"
"32","New England","Patriots",2001,11,5,371,272,99,6.2,-1.9,4.3,1.2,3.1,"Playoffs","Won Superbowl"
"33","Miami","Dolphins",2001,11,5,344,290,54,3.4,-0.7,2.7,-0.3,3.1,"Playoffs","No Superbowl"
"34","New York","Jets",2001,10,6,308,295,13,0.8,0,0.8,-2,2.8,"Playoffs","No Superbowl"
"35","Indianapolis","Colts",2001,6,10,413,486,-73,-4.6,0.8,-3.8,6.1,-9.8,"No Playoffs","No Superbowl"
"36","Buffalo","Bills",2001,3,13,265,420,-155,-9.7,0.2,-9.5,-3.9,-5.7,"No Playoffs","No Superbowl"
"37","Pittsburgh","Steelers",2001,13,3,352,212,140,8.8,-1.4,7.4,1.5,5.8,"Playoffs","No Superbowl"
"38","Baltimore","Ravens",2001,10,6,303,265,38,2.4,0.8,3.2,-0.8,4,"Playoffs","No Superbowl"
"39","Cleveland","Browns",2001,7,9,285,319,-34,-2.1,1.3,-0.8,-0.9,0.1,"No Playoffs","No Superbowl"
"40","Tennessee","Titans",2001,7,9,336,388,-52,-3.3,1.2,-2,2.4,-4.4,"No Playoffs","No Superbowl"
"41","Jacksonville","Jaguars",2001,6,10,294,286,8,0.5,0.4,0.9,-1.1,2,"No Playoffs","No Superbowl"
"42","Cincinnati","Bengals",2001,6,10,226,309,-83,-5.2,1.7,-3.5,-4.5,1,"No Playoffs","No Superbowl"
"43","Oakland","Raiders",2001,10,6,399,327,72,4.5,-0.9,3.6,4,-0.4,"Playoffs","No Superbowl"
"44","Seattle","Seahawks",2001,9,7,301,324,-23,-1.4,-0.4,-1.9,-1.4,-0.4,"No Playoffs","No Superbowl"
"45","Denver","Broncos",2001,8,8,340,339,1,0.1,-0.5,-0.5,0.5,-1,"No Playoffs","No Superbowl"
"46","Kansas City","Chiefs",2001,6,10,320,344,-24,-1.5,0.3,-1.2,-0.2,-1,"No Playoffs","No Superbowl"
"47","San Diego","Chargers",2001,5,11,332,321,11,0.7,-1,-0.3,0.3,-0.6,"No Playoffs","No Superbowl"
"48","Philadelphia","Eagles",2001,11,5,343,208,135,8.4,-0.7,7.7,0.9,6.8,"Playoffs","No Superbowl"
"49","Washington","Redskins",2001,8,8,256,303,-47,-2.9,-0.7,-3.7,-4,0.4,"No Playoffs","No Superbowl"
"50","New York","Giants",2001,7,9,294,321,-27,-1.7,-0.1,-1.8,-1.8,0,"No Playoffs","No Superbowl"
"51","Arizona","Cardinals",2001,7,9,295,343,-48,-3,-1.2,-4.2,-1.5,-2.6,"No Playoffs","No Superbowl"
"52","Dallas","Cowboys",2001,5,11,246,338,-92,-5.8,-0.2,-6,-4.5,-1.5,"No Playoffs","No Superbowl"
"53","Chicago","Bears",2001,13,3,338,203,135,8.4,-0.5,7.9,0.9,7.1,"Playoffs","No Superbowl"
"54","Green Bay","Packers",2001,12,4,390,266,124,7.8,-1.1,6.6,4,2.6,"Playoffs","No Superbowl"
"55","Tampa Bay","Buccaneers",2001,9,7,324,280,44,2.8,1.3,4,0.7,3.3,"Playoffs","No Superbowl"
"56","Minnesota","Vikings",2001,5,11,290,390,-100,-6.3,1.5,-4.7,-0.8,-3.9,"No Playoffs","No Superbowl"
"57","Detroit","Lions",2001,2,14,270,424,-154,-9.6,2.4,-7.2,-2,-5.2,"No Playoffs","No Superbowl"
"58","St. Louis","Rams",2001,14,2,503,273,230,14.4,-1,13.4,10.4,2.9,"Playoffs","No Superbowl"
"59","San Francisco","49ers",2001,12,4,409,282,127,7.9,-1.1,6.8,4.2,2.7,"Playoffs","No Superbowl"
"60","New Orleans","Saints",2001,7,9,333,409,-76,-4.8,-0.1,-4.8,-0.1,-4.7,"No Playoffs","No Superbowl"
"61","Atlanta","Falcons",2001,7,9,291,377,-86,-5.4,0.7,-4.7,-2.7,-2,"No Playoffs","No Superbowl"
"62","Carolina","Panthers",2001,1,15,253,410,-157,-9.8,0.9,-8.9,-4.6,-4.4,"No Playoffs","No Superbowl"
"63","New York","Jets",2002,9,7,359,336,23,1.4,1.7,3.2,0.9,2.3,"Playoffs","No Superbowl"
"64","New England","Patriots",2002,9,7,381,346,35,2.2,1.8,4,2.1,1.9,"No Playoffs","No Superbowl"
"65","Miami","Dolphins",2002,9,7,378,301,77,4.8,1.2,6.1,1.7,4.4,"No Playoffs","No Superbowl"
"66","Buffalo","Bills",2002,8,8,379,397,-18,-1.1,0.9,-0.3,2.1,-2.3,"No Playoffs","No Superbowl"
"67","Pittsburgh","Steelers",2002,10,5,390,345,45,2.8,-0.1,2.7,3.1,-0.4,"Playoffs","No Superbowl"
"68","Cleveland","Browns",2002,9,7,344,320,24,1.5,-0.3,1.2,-0.4,1.7,"Playoffs","No Superbowl"
"69","Baltimore","Ravens",2002,7,9,316,354,-38,-2.4,0.3,-2.1,-1.5,-0.6,"No Playoffs","No Superbowl"
"70","Cincinnati","Bengals",2002,2,14,279,456,-177,-11.1,0.6,-10.5,-3.6,-6.9,"No Playoffs","No Superbowl"
"71","Tennessee","Titans",2002,11,5,367,324,43,2.7,-0.9,1.8,1.6,0.1,"Playoffs","No Superbowl"
"72","Indianapolis","Colts",2002,10,6,349,313,36,2.3,-1.1,1.2,0.4,0.7,"Playoffs","No Superbowl"
"73","Jacksonville","Jaguars",2002,6,10,328,315,13,0.8,-1,-0.2,-1.3,1.1,"No Playoffs","No Superbowl"
"74","Houston","Texans",2002,4,12,213,356,-143,-8.9,-0.5,-9.4,-8.4,-1.1,"No Playoffs","No Superbowl"
"75","Oakland","Raiders",2002,11,5,450,304,146,9.1,1.5,10.6,6.3,4.3,"Playoffs","No Superbowl"
"76","Denver","Broncos",2002,9,7,392,344,48,3,1.9,4.9,3,1.9,"No Playoffs","No Superbowl"
"77","San Diego","Chargers",2002,8,8,333,367,-34,-2.1,1.4,-0.7,-1,0.2,"No Playoffs","No Superbowl"
"78","Kansas City","Chiefs",2002,8,8,467,399,68,4.3,1.9,6.1,8.4,-2.3,"No Playoffs","No Superbowl"
"79","Philadelphia","Eagles",2002,12,4,415,241,174,10.9,-2.6,8.3,4.5,3.8,"Playoffs","No Superbowl"
"80","New York","Giants",2002,10,6,320,279,41,2.6,-1.7,0.8,-2.2,3,"Playoffs","No Superbowl"
"81","Washington","Redskins",2002,7,9,307,365,-58,-3.6,-0.8,-4.5,-2.2,-2.2,"No Playoffs","No Superbowl"
"82","Dallas","Cowboys",2002,5,11,217,329,-112,-7,-1.5,-8.5,-8.2,-0.3,"No Playoffs","No Superbowl"
"83","Green Bay","Packers",2002,12,4,398,328,70,4.4,-0.8,3.6,2.4,1.2,"Playoffs","No Superbowl"
"84","Minnesota","Vikings",2002,6,10,390,442,-52,-3.3,0.2,-3,3.1,-6.1,"No Playoffs","No Superbowl"
"85","Chicago","Bears",2002,4,12,281,379,-98,-6.1,0.9,-5.3,-4.4,-0.9,"No Playoffs","No Superbowl"
"86","Detroit","Lions",2002,3,13,306,451,-145,-9.1,-0.1,-9.2,-2.5,-6.7,"No Playoffs","No Superbowl"
"87","Tampa Bay","Buccaneers",2002,12,4,346,196,150,9.4,-0.6,8.8,-1,9.8,"Playoffs","Won Superbowl"
"88","Atlanta","Falcons",2002,9,6,402,314,88,5.5,-0.4,5.1,3.5,1.5,"Playoffs","No Superbowl"
"89","New Orleans","Saints",2002,9,7,432,388,44,2.8,-0.3,2.4,5.8,-3.3,"No Playoffs","No Superbowl"
"90","Carolina","Panthers",2002,7,9,258,302,-44,-2.8,-0.5,-3.3,-6,2.8,"No Playoffs","No Superbowl"
"91","San Francisco","49ers",2002,10,6,367,351,16,1,-0.4,0.6,0.7,-0.1,"Playoffs","No Superbowl"
"92","St. Louis","Rams",2002,7,9,316,369,-53,-3.3,0,-3.3,-1.6,-1.8,"No Playoffs","No Superbowl"
"93","Seattle","Seahawks",2002,7,9,355,369,-14,-0.9,-0.4,-1.3,0,-1.2,"No Playoffs","No Superbowl"
"94","Arizona","Cardinals",2002,5,11,262,417,-155,-9.7,-0.2,-9.9,-5.4,-4.5,"No Playoffs","No Superbowl"
"95","New England","Patriots",2003,14,2,348,238,110,6.9,0.1,6.9,2.1,4.9,"Playoffs","Won Superbowl"
"96","Miami","Dolphins",2003,10,6,311,261,50,3.1,0.3,3.4,-0.7,4.1,"No Playoffs","No Superbowl"
"97","Buffalo","Bills",2003,6,10,243,279,-36,-2.3,1.3,-1,-5,4,"No Playoffs","No Superbowl"
"98","New York","Jets",2003,6,10,283,299,-16,-1,0.4,-0.6,-1.9,1.3,"No Playoffs","No Superbowl"
"99","Baltimore","Ravens",2003,10,6,391,281,110,6.9,-0.6,6.3,3.3,3,"Playoffs","No Superbowl"
"100","Cincinnati","Bengals",2003,8,8,346,384,-38,-2.4,0,-2.4,1.1,-3.5,"No Playoffs","No Superbowl"
"101","Pittsburgh","Steelers",2003,6,10,300,327,-27,-1.7,0.6,-1.1,-2.5,1.4,"No Playoffs","No Superbowl"
"102","Cleveland","Browns",2003,5,11,254,322,-68,-4.3,1.3,-2.9,-5.3,2.4,"No Playoffs","No Superbowl"
"103","Indianapolis","Colts",2003,12,4,447,336,111,6.9,0,7,8.2,-1.2,"Playoffs","No Superbowl"
"104","Tennessee","Titans",2003,12,4,435,324,111,6.9,-0.5,6.5,7,-0.5,"Playoffs","No Superbowl"
"105","Jacksonville","Jaguars",2003,5,11,276,331,-55,-3.4,1,-2.4,-3.3,0.9,"No Playoffs","No Superbowl"
"106","Houston","Texans",2003,5,11,255,380,-125,-7.8,1.9,-6,-4.4,-1.5,"No Playoffs","No Superbowl"
"107","Kansas City","Chiefs",2003,13,3,484,332,152,9.5,-1.2,8.3,9.2,-0.9,"Playoffs","No Superbowl"
"108","Denver","Broncos",2003,10,6,381,301,80,5,0.5,5.5,2.4,3.1,"Playoffs","No Superbowl"
"109","Oakland","Raiders",2003,4,12,270,379,-109,-6.8,1.3,-5.5,-4.2,-1.3,"No Playoffs","No Superbowl"
"110","San Diego","Chargers",2003,4,12,313,441,-128,-8,1.2,-6.8,-0.6,-6.2,"No Playoffs","No Superbowl"
"111","Philadelphia","Eagles",2003,12,4,374,287,87,5.4,-1,4.4,2.9,1.5,"Playoffs","No Superbowl"
"112","Dallas","Cowboys",2003,10,6,289,260,29,1.8,-2.3,-0.5,-3.2,2.7,"Playoffs","No Superbowl"
"113","Washington","Redskins",2003,5,11,287,372,-85,-5.3,-0.4,-5.7,-1.9,-3.8,"No Playoffs","No Superbowl"
"114","New York","Giants",2003,4,12,243,387,-144,-9,0.4,-8.6,-4.8,-3.7,"No Playoffs","No Superbowl"
"115","Green Bay","Packers",2003,10,6,442,307,135,8.4,-0.3,8.1,6.2,1.9,"Playoffs","No Superbowl"
"116","Minnesota","Vikings",2003,9,7,416,353,63,3.9,-1,2.9,4,-1.1,"No Playoffs","No Superbowl"
"117","Chicago","Bears",2003,7,9,283,346,-63,-3.9,0.4,-3.5,-4.2,0.7,"No Playoffs","No Superbowl"
"118","Detroit","Lions",2003,5,11,270,379,-109,-6.8,1,-5.8,-4.3,-1.6,"No Playoffs","No Superbowl"
"119","Carolina","Panthers",2003,11,5,325,304,21,1.3,-2.2,-0.9,-1.5,0.6,"Playoffs","No Superbowl"
"120","New Orleans","Saints",2003,8,8,340,326,14,0.9,-1.1,-0.3,0.1,-0.4,"No Playoffs","No Superbowl"
"121","Tampa Bay","Buccaneers",2003,7,9,301,264,37,2.3,-0.7,1.6,-2.9,4.5,"No Playoffs","No Superbowl"
"122","Atlanta","Falcons",2003,5,11,299,422,-123,-7.7,0.3,-7.4,-2,-5.4,"No Playoffs","No Superbowl"
"123","St. Louis","Rams",2003,12,4,447,328,119,7.4,-1.6,5.9,6,-0.2,"Playoffs","No Superbowl"
"124","Seattle","Seahawks",2003,10,6,404,327,77,4.8,-0.7,4.1,3.6,0.5,"Playoffs","No Superbowl"
"125","San Francisco","49ers",2003,7,9,384,337,47,2.9,0.1,3.1,3,0.1,"No Playoffs","No Superbowl"
"126","Arizona","Cardinals",2003,4,12,225,452,-227,-14.2,1.6,-12.6,-6.3,-6.2,"No Playoffs","No Superbowl"
"127","New England","Patriots",2004,14,2,437,260,177,11.1,1.8,12.8,6.4,6.5,"Playoffs","Won Superbowl"
"128","New York","Jets",2004,10,6,333,261,72,4.5,2.1,6.6,0.5,6,"Playoffs","No Superbowl"
"129","Buffalo","Bills",2004,9,7,395,284,111,6.9,1.1,8.1,4.6,3.5,"No Playoffs","No Superbowl"
"130","Miami","Dolphins",2004,4,12,275,354,-79,-4.9,2.7,-2.2,-2.7,0.5,"No Playoffs","No Superbowl"
"131","Pittsburgh","Steelers",2004,15,1,372,251,121,7.6,1.4,9,3.4,5.6,"Playoffs","No Superbowl"
"132","Baltimore","Ravens",2004,9,7,317,268,49,3.1,3.1,6.1,-0.6,6.8,"No Playoffs","No Superbowl"
"133","Cincinnati","Bengals",2004,8,8,374,372,2,0.1,2.5,2.7,4.3,-1.6,"No Playoffs","No Superbowl"
"134","Cleveland","Browns",2004,4,12,276,390,-114,-7.1,3.7,-3.4,-1.5,-1.9,"No Playoffs","No Superbowl"
"135","Indianapolis","Colts",2004,12,4,522,351,171,10.7,0.7,11.4,11.7,-0.3,"Playoffs","No Superbowl"
"136","Jacksonville","Jaguars",2004,9,7,261,280,-19,-1.2,1.9,0.8,-5.7,6.4,"No Playoffs","No Superbowl"
"137","Houston","Texans",2004,7,9,309,339,-30,-1.9,1.2,-0.6,-2.4,1.8,"No Playoffs","No Superbowl"
"138","Tennessee","Titans",2004,5,11,344,439,-95,-5.9,1.5,-4.4,0.3,-4.6,"No Playoffs","No Superbowl"
"139","San Diego","Chargers",2004,12,4,446,313,133,8.3,0.8,9.1,6.1,3,"Playoffs","No Superbowl"
"140","Denver","Broncos",2004,10,6,381,304,77,4.8,1,5.9,1.6,4.3,"Playoffs","No Superbowl"
"141","Kansas City","Chiefs",2004,7,9,483,435,48,3,2.3,5.3,10,-4.7,"No Playoffs","No Superbowl"
"142","Oakland","Raiders",2004,5,11,320,442,-122,-7.6,3.4,-4.3,-0.6,-3.7,"No Playoffs","No Superbowl"
"143","Philadelphia","Eagles",2004,13,3,386,260,126,7.9,-2.3,5.6,2,3.5,"Playoffs","No Superbowl"
"144","New York","Giants",2004,6,10,303,347,-44,-2.8,-1.2,-3.9,-2.3,-1.6,"No Playoffs","No Superbowl"
"145","Dallas","Cowboys",2004,6,10,293,405,-112,-7,-0.8,-7.8,-3,-4.8,"No Playoffs","No Superbowl"
"146","Washington","Redskins",2004,6,10,240,265,-25,-1.6,-1.8,-3.4,-7.4,4,"No Playoffs","No Superbowl"
"147","Green Bay","Packers",2004,10,6,424,380,44,2.8,-2.4,0.3,4.3,-4,"Playoffs","No Superbowl"
"148","Minnesota","Vikings",2004,8,8,405,395,10,0.6,-2.3,-1.7,3,-4.7,"Playoffs","No Superbowl"
"149","Detroit","Lions",2004,6,10,296,350,-54,-3.4,-1.8,-5.2,-3.8,-1.4,"No Playoffs","No Superbowl"
"150","Chicago","Bears",2004,5,11,231,331,-100,-6.3,-2,-8.2,-8.5,0.3,"No Playoffs","No Superbowl"
"151","Atlanta","Falcons",2004,11,5,340,337,3,0.2,-2.4,-2.2,-1.8,-0.4,"Playoffs","No Superbowl"
"152","New Orleans","Saints",2004,8,8,348,405,-57,-3.6,-2,-5.6,-1.2,-4.3,"No Playoffs","No Superbowl"
"153","Carolina","Panthers",2004,7,9,355,339,16,1,-1.7,-0.7,-0.8,0.1,"No Playoffs","No Superbowl"
"154","Tampa Bay","Buccaneers",2004,5,11,301,304,-3,-0.2,-2.5,-2.7,-4,1.3,"No Playoffs","No Superbowl"
"155","Seattle","Seahawks",2004,9,7,371,373,-2,-0.1,-2.8,-2.9,0.4,-3.3,"Playoffs","No Superbowl"
"156","St. Louis","Rams",2004,8,8,319,392,-73,-4.6,-1.4,-6,-2.2,-3.8,"Playoffs","No Superbowl"
"157","Arizona","Cardinals",2004,6,10,284,322,-38,-2.4,-2.5,-4.9,-5.1,0.2,"No Playoffs","No Superbowl"
"158","San Francisco","49ers",2004,2,14,259,452,-193,-12.1,-1.6,-13.6,-5.1,-8.6,"No Playoffs","No Superbowl"
"159","New England","Patriots",2005,10,6,379,338,41,2.6,0.6,3.1,3.7,-0.5,"Playoffs","No Superbowl"
"160","Miami","Dolphins",2005,9,7,318,317,1,0.1,-0.8,-0.8,-1.1,0.3,"No Playoffs","No Superbowl"
"161","Buffalo","Bills",2005,5,11,271,367,-96,-6,0.2,-5.8,-4,-1.8,"No Playoffs","No Superbowl"
"162","New York","Jets",2005,4,12,240,355,-115,-7.2,0.8,-6.4,-5.2,-1.2,"No Playoffs","No Superbowl"
"163","Cincinnati","Bengals",2005,11,5,421,350,71,4.4,-0.6,3.8,6.5,-2.7,"Playoffs","No Superbowl"
"164","Pittsburgh","Steelers",2005,11,5,389,258,131,8.2,-0.4,7.8,3.8,4,"Playoffs","Won Superbowl"
"165","Baltimore","Ravens",2005,6,10,265,299,-34,-2.1,0.3,-1.8,-3.5,1.7,"No Playoffs","No Superbowl"
"166","Cleveland","Browns",2005,6,10,232,301,-69,-4.3,0.1,-4.2,-6,1.7,"No Playoffs","No Superbowl"
"167","Indianapolis","Colts",2005,14,2,439,247,192,12,-1.2,10.8,5.6,5.2,"Playoffs","No Superbowl"
"168","Jacksonville","Jaguars",2005,12,4,361,269,92,5.8,-1,4.8,1.1,3.7,"Playoffs","No Superbowl"
"169","Tennessee","Titans",2005,4,12,299,421,-122,-7.6,0.1,-7.6,-2,-5.5,"No Playoffs","No Superbowl"
"170","Houston","Texans",2005,2,14,260,431,-171,-10.7,0.7,-10,-4.4,-5.7,"No Playoffs","No Superbowl"
"171","Denver","Broncos",2005,13,3,395,258,137,8.6,2.2,10.8,5,5.8,"Playoffs","No Superbowl"
"172","Kansas City","Chiefs",2005,10,6,403,325,78,4.9,2.1,7,5.1,1.9,"No Playoffs","No Superbowl"
"173","San Diego","Chargers",2005,9,7,418,312,106,6.6,3.3,9.9,7.1,2.9,"No Playoffs","No Superbowl"
"174","Oakland","Raiders",2005,4,12,290,383,-93,-5.8,3,-2.8,-1.2,-1.6,"No Playoffs","No Superbowl"
"175","New York","Giants",2005,11,5,422,314,108,6.8,0.7,7.5,5.8,1.7,"Playoffs","No Superbowl"
"176","Washington","Redskins",2005,10,6,359,293,66,4.1,1.9,6,2.6,3.4,"Playoffs","No Superbowl"
"177","Dallas","Cowboys",2005,9,7,325,308,17,1.1,2.1,3.2,-0.1,3.2,"No Playoffs","No Superbowl"
"178","Philadelphia","Eagles",2005,6,10,310,388,-78,-4.9,2.6,-2.3,-0.7,-1.7,"No Playoffs","No Superbowl"
"179","Chicago","Bears",2005,11,5,260,202,58,3.6,-2.2,1.4,-5.2,6.6,"Playoffs","No Superbowl"
"180","Minnesota","Vikings",2005,9,7,306,344,-38,-2.4,-1.1,-3.5,-1.4,-2.1,"No Playoffs","No Superbowl"
"181","Detroit","Lions",2005,5,11,254,345,-91,-5.7,-1,-6.7,-4.3,-2.4,"No Playoffs","No Superbowl"
"182","Green Bay","Packers",2005,4,12,298,344,-46,-2.9,-0.8,-3.7,-1.5,-2.2,"No Playoffs","No Superbowl"
"183","Tampa Bay","Buccaneers",2005,11,5,300,274,26,1.6,-2.6,-1,-2.8,1.8,"Playoffs","No Superbowl"
"184","Carolina","Panthers",2005,11,5,391,259,132,8.3,-3.2,5.1,3,2.1,"Playoffs","No Superbowl"
"185","Atlanta","Falcons",2005,8,8,351,341,10,0.6,-1.9,-1.2,1.1,-2.3,"No Playoffs","No Superbowl"
"186","New Orleans","Saints",2005,3,13,235,398,-163,-10.2,-0.9,-11.1,-6.2,-4.9,"No Playoffs","No Superbowl"
"187","Seattle","Seahawks",2005,13,3,452,271,181,11.3,-2.2,9.1,5.8,3.4,"Playoffs","No Superbowl"
"188","St. Louis","Rams",2005,6,10,363,429,-66,-4.1,-1,-5.1,1.3,-6.4,"No Playoffs","No Superbowl"
"189","Arizona","Cardinals",2005,5,11,311,387,-76,-4.8,-0.2,-5,-2,-3,"No Playoffs","No Superbowl"
"190","San Francisco","49ers",2005,4,12,239,428,-189,-11.8,0.7,-11.1,-5.6,-5.5,"No Playoffs","No Superbowl"
"191","New England","Patriots",2006,12,4,385,237,148,9.3,1,10.2,4.3,5.9,"Playoffs","No Superbowl"
"192","New York","Jets",2006,10,6,316,295,21,1.3,0.7,2,0.4,1.7,"Playoffs","No Superbowl"
"193","Buffalo","Bills",2006,7,9,300,311,-11,-0.7,2.9,2.2,-0.2,2.4,"No Playoffs","No Superbowl"
"194","Miami","Dolphins",2006,6,10,260,283,-23,-1.4,2.1,0.7,-3.3,4,"No Playoffs","No Superbowl"
"195","Baltimore","Ravens",2006,13,3,353,201,152,9.5,-0.2,9.3,1.5,7.8,"Playoffs","No Superbowl"
"196","Cincinnati","Bengals",2006,8,8,373,331,42,2.6,1.5,4.1,4,0,"No Playoffs","No Superbowl"
"197","Pittsburgh","Steelers",2006,8,8,353,315,38,2.4,1,3.4,3,0.4,"No Playoffs","No Superbowl"
"198","Cleveland","Browns",2006,4,12,238,356,-118,-7.4,1.5,-5.8,-4.5,-1.3,"No Playoffs","No Superbowl"
"199","Indianapolis","Colts",2006,12,4,427,360,67,4.2,1.7,5.9,6.9,-1.1,"Playoffs","Won Superbowl"
"200","Tennessee","Titans",2006,8,8,324,400,-76,-4.8,3.5,-1.3,1,-2.3,"No Playoffs","No Superbowl"
"201","Jacksonville","Jaguars",2006,8,8,371,274,97,6.1,1.4,7.5,2.6,4.9,"No Playoffs","No Superbowl"
"202","Houston","Texans",2006,6,10,267,366,-99,-6.2,1.7,-4.5,-3.2,-1.3,"No Playoffs","No Superbowl"
"203","San Diego","Chargers",2006,14,2,492,303,189,11.8,-1.6,10.2,10,0.2,"Playoffs","No Superbowl"
"204","Kansas City","Chiefs",2006,9,7,331,315,16,1,0,1,0.4,0.6,"Playoffs","No Superbowl"
"205","Denver","Broncos",2006,9,7,319,305,14,0.9,0.4,1.3,-0.8,2.1,"No Playoffs","No Superbowl"
"206","Oakland","Raiders",2006,2,14,168,332,-164,-10.3,0.6,-9.6,-10.3,0.7,"No Playoffs","No Superbowl"
"207","Philadelphia","Eagles",2006,10,6,398,328,70,4.4,-1,3.4,3.2,0.2,"Playoffs","No Superbowl"
"208","Dallas","Cowboys",2006,9,7,425,350,75,4.7,-1,3.7,5,-1.3,"Playoffs","No Superbowl"
"209","New York","Giants",2006,8,8,355,362,-7,-0.4,0.5,0.1,1.2,-1.1,"Playoffs","No Superbowl"
"210","Washington","Redskins",2006,5,11,307,376,-69,-4.3,0.3,-4,-2.1,-2,"No Playoffs","No Superbowl"
"211","Chicago","Bears",2006,13,3,427,255,172,10.8,-2.9,7.9,4.9,3,"Playoffs","No Superbowl"
"212","Green Bay","Packers",2006,8,8,301,366,-65,-4.1,-0.4,-4.4,-2.3,-2.1,"No Playoffs","No Superbowl"
"213","Minnesota","Vikings",2006,6,10,282,327,-45,-2.8,-1.3,-4.1,-3.7,-0.4,"No Playoffs","No Superbowl"
"214","Detroit","Lions",2006,3,13,305,398,-93,-5.8,-0.5,-6.4,-1.8,-4.6,"No Playoffs","No Superbowl"
"215","New Orleans","Saints",2006,10,6,413,322,91,5.7,-1.6,4,4.9,-0.9,"Playoffs","No Superbowl"
"216","Carolina","Panthers",2006,8,8,270,305,-35,-2.2,-0.5,-2.7,-4.2,1.5,"No Playoffs","No Superbowl"
"217","Atlanta","Falcons",2006,7,9,292,328,-36,-2.3,-0.8,-3,-2.8,-0.2,"No Playoffs","No Superbowl"
"218","Tampa Bay","Buccaneers",2006,4,12,211,353,-142,-8.9,0.9,-7.9,-7.2,-0.8,"No Playoffs","No Superbowl"
"219","Seattle","Seahawks",2006,9,7,335,341,-6,-0.4,-3.2,-3.6,-1.7,-1.9,"Playoffs","No Superbowl"
"220","St. Louis","Rams",2006,8,8,367,381,-14,-0.9,-3.1,-4,0.8,-4.7,"No Playoffs","No Superbowl"
"221","San Francisco","49ers",2006,7,9,298,412,-114,-7.1,-1.6,-8.7,-3.5,-5.2,"No Playoffs","No Superbowl"
"222","Arizona","Cardinals",2006,5,11,314,389,-75,-4.7,-2.2,-6.9,-2.6,-4.3,"No Playoffs","No Superbowl"
"223","New England","Patriots",2007,16,0,589,274,315,19.7,0.4,20.1,15.9,4.2,"Playoffs","No Superbowl"
"224","Buffalo","Bills",2007,7,9,252,354,-102,-6.4,2.3,-4.1,-5.6,1.5,"No Playoffs","No Superbowl"
"225","New York","Jets",2007,4,12,268,355,-87,-5.4,1.7,-3.7,-4,0.3,"No Playoffs","No Superbowl"
"226","Miami","Dolphins",2007,1,15,267,437,-170,-10.6,2.3,-8.4,-4.1,-4.2,"No Playoffs","No Superbowl"
"227","Pittsburgh","Steelers",2007,10,6,393,269,124,7.8,-2.5,5.2,0.9,4.3,"Playoffs","No Superbowl"
"228","Cleveland","Browns",2007,10,6,402,382,20,1.3,-2.3,-1.1,2.2,-3.3,"No Playoffs","No Superbowl"
"229","Cincinnati","Bengals",2007,7,9,380,385,-5,-0.3,-2.1,-2.4,1.6,-4,"No Playoffs","No Superbowl"
"230","Baltimore","Ravens",2007,5,11,275,384,-109,-6.8,0.1,-6.7,-5,-1.8,"No Playoffs","No Superbowl"
"231","Indianapolis","Colts",2007,13,3,450,262,188,11.8,0.3,12,6.6,5.4,"Playoffs","No Superbowl"
"232","Jacksonville","Jaguars",2007,11,5,411,304,107,6.7,0.1,6.8,4.8,2,"Playoffs","No Superbowl"
"233","Tennessee","Titans",2007,10,6,301,297,4,0.3,0.5,0.7,-2.9,3.6,"Playoffs","No Superbowl"
"234","Houston","Texans",2007,8,8,379,384,-5,-0.3,0.3,0,2.5,-2.5,"No Playoffs","No Superbowl"
"235","San Diego","Chargers",2007,11,5,412,284,128,8,0.8,8.8,4.3,4.5,"Playoffs","No Superbowl"
"236","Denver","Broncos",2007,7,9,320,409,-89,-5.6,1.6,-3.9,-0.2,-3.8,"No Playoffs","No Superbowl"
"237","Kansas City","Chiefs",2007,4,12,226,335,-109,-6.8,1.4,-5.5,-7.4,1.9,"No Playoffs","No Superbowl"
"238","Oakland","Raiders",2007,4,12,283,398,-115,-7.2,1.2,-6,-3.5,-2.5,"No Playoffs","No Superbowl"
"239","Dallas","Cowboys",2007,13,3,455,325,130,8.1,1.3,9.5,7.8,1.7,"Playoffs","No Superbowl"
"240","New York","Giants",2007,10,6,373,351,22,1.4,1.9,3.3,2.8,0.4,"Playoffs","Won Superbowl"
"241","Washington","Redskins",2007,9,7,334,310,24,1.5,3,4.5,0.2,4.3,"Playoffs","No Superbowl"
"242","Philadelphia","Eagles",2007,8,8,336,300,36,2.3,3,5.3,0.1,5.1,"No Playoffs","No Superbowl"
"243","Green Bay","Packers",2007,13,3,435,291,144,9,0,9,5.7,3.3,"Playoffs","No Superbowl"
"244","Minnesota","Vikings",2007,8,8,365,311,54,3.4,0.4,3.8,1.4,2.4,"No Playoffs","No Superbowl"
"245","Detroit","Lions",2007,7,9,346,444,-98,-6.1,2.6,-3.6,1.4,-5,"No Playoffs","No Superbowl"
"246","Chicago","Bears",2007,7,9,334,348,-14,-0.9,2.1,1.2,-0.2,1.4,"No Playoffs","No Superbowl"
"247","Tampa Bay","Buccaneers",2007,9,7,334,270,64,4,-2.8,1.2,-2.3,3.6,"Playoffs","No Superbowl"
"248","Carolina","Panthers",2007,7,9,267,347,-80,-5,-0.8,-5.8,-5.7,-0.1,"No Playoffs","No Superbowl"
"249","New Orleans","Saints",2007,7,9,379,388,-9,-0.6,-2,-2.5,1.9,-4.5,"No Playoffs","No Superbowl"
"250","Atlanta","Falcons",2007,4,12,259,414,-155,-9.7,-0.9,-10.6,-5.8,-4.8,"No Playoffs","No Superbowl"
"251","Seattle","Seahawks",2007,10,6,393,291,102,6.4,-4.6,1.8,0.8,0.9,"Playoffs","No Superbowl"
"252","Arizona","Cardinals",2007,8,8,404,399,5,0.3,-4.3,-3.9,1.9,-5.9,"No Playoffs","No Superbowl"
"253","San Francisco","49ers",2007,5,11,219,364,-145,-9.1,-2.9,-11.9,-9.9,-2,"No Playoffs","No Superbowl"
"254","St. Louis","Rams",2007,3,13,263,438,-175,-10.9,-2,-13,-6.5,-6.5,"No Playoffs","No Superbowl"
"255","Miami","Dolphins",2008,11,5,345,317,28,1.8,-2.3,-0.5,-2.4,1.8,"Playoffs","No Superbowl"
"256","New England","Patriots",2008,11,5,410,309,101,6.3,-2.4,3.9,2.3,1.6,"No Playoffs","No Superbowl"
"257","New York","Jets",2008,9,7,405,356,49,3.1,-2.8,0.2,2.2,-1.9,"No Playoffs","No Superbowl"
"258","Buffalo","Bills",2008,7,9,336,342,-6,-0.4,-3,-3.3,-2.8,-0.6,"No Playoffs","No Superbowl"
"259","Pittsburgh","Steelers",2008,12,4,347,223,124,7.8,2,9.8,1.6,8.2,"Playoffs","Won Superbowl"
"260","Baltimore","Ravens",2008,11,5,385,244,141,8.8,1,9.8,4.2,5.6,"Playoffs","No Superbowl"
"261","Cincinnati","Bengals",2008,4,11,204,364,-160,-10,3,-7,-6.9,-0.1,"No Playoffs","No Superbowl"
"262","Cleveland","Browns",2008,4,12,232,350,-118,-7.4,2.7,-4.6,-5.2,0.6,"No Playoffs","No Superbowl"
"263","Tennessee","Titans",2008,13,3,375,234,141,8.8,0.1,8.9,1.5,7.5,"Playoffs","No Superbowl"
"264","Indianapolis","Colts",2008,12,4,377,298,79,4.9,1.6,6.5,2.6,3.9,"Playoffs","No Superbowl"
"265","Houston","Texans",2008,8,8,366,394,-28,-1.8,1.4,-0.4,2.8,-3.2,"No Playoffs","No Superbowl"
"266","Jacksonville","Jaguars",2008,5,11,302,367,-65,-4.1,1.6,-2.5,-2.1,-0.4,"No Playoffs","No Superbowl"
"267","San Diego","Chargers",2008,8,8,439,347,92,5.8,-0.8,5,5,0,"Playoffs","No Superbowl"
"268","Denver","Broncos",2008,8,8,370,448,-78,-4.9,-0.9,-5.8,0.7,-6.5,"No Playoffs","No Superbowl"
"269","Oakland","Raiders",2008,5,11,263,388,-125,-7.8,0.3,-7.5,-6.5,-1,"No Playoffs","No Superbowl"
"270","Kansas City","Chiefs",2008,2,14,291,440,-149,-9.3,0.1,-9.2,-3.9,-5.3,"No Playoffs","No Superbowl"
"271","New York","Giants",2008,12,4,427,294,133,8.3,0.1,8.4,5.5,2.8,"Playoffs","No Superbowl"
"272","Philadelphia","Eagles",2008,9,6,416,289,127,7.9,-0.1,7.8,4.7,3.2,"Playoffs","No Superbowl"
"273","Dallas","Cowboys",2008,9,7,362,365,-3,-0.2,0.8,0.6,1.7,-1.2,"No Playoffs","No Superbowl"
"274","Washington","Redskins",2008,8,8,265,296,-31,-1.9,0.2,-1.8,-5.8,4.1,"No Playoffs","No Superbowl"
"275","Minnesota","Vikings",2008,10,6,379,333,46,2.9,1.2,4,1.1,2.9,"Playoffs","No Superbowl"
"276","Chicago","Bears",2008,9,7,375,350,25,1.6,0.5,2.1,1.1,1,"No Playoffs","No Superbowl"
"277","Green Bay","Packers",2008,6,10,419,380,39,2.4,0.5,2.9,4.1,-1.2,"No Playoffs","No Superbowl"
"278","Detroit","Lions",2008,0,16,268,517,-249,-15.6,2.5,-13.1,-4,-9.1,"No Playoffs","No Superbowl"
"279","Carolina","Panthers",2008,12,4,414,329,85,5.3,0.3,5.6,2.8,2.9,"Playoffs","No Superbowl"
"280","Atlanta","Falcons",2008,11,5,391,325,66,4.1,-0.3,3.8,1.3,2.5,"Playoffs","No Superbowl"
"281","Tampa Bay","Buccaneers",2008,9,7,361,323,38,2.4,-0.1,2.3,-0.6,2.9,"No Playoffs","No Superbowl"
"282","New Orleans","Saints",2008,8,8,463,393,70,4.4,-0.3,4,6.8,-2.8,"No Playoffs","No Superbowl"
"283","Arizona","Cardinals",2008,9,7,427,426,1,0.1,-1.9,-1.9,4.1,-6,"Playoffs","No Superbowl"
"284","San Francisco","49ers",2008,7,9,339,381,-42,-2.6,-2.7,-5.3,-2.9,-2.4,"No Playoffs","No Superbowl"
"285","Seattle","Seahawks",2008,4,12,294,392,-98,-6.1,-1.5,-7.6,-4.9,-2.8,"No Playoffs","No Superbowl"
"286","St. Louis","Rams",2008,2,14,232,465,-233,-14.6,-0.5,-15.1,-8.1,-7,"No Playoffs","No Superbowl"
"287","New England","Patriots",2009,10,6,427,285,142,8.9,2.3,11.2,6.7,4.5,"Playoffs","No Superbowl"
"288","New York","Jets",2009,9,7,348,236,112,7,1.6,8.6,1.1,7.5,"Playoffs","No Superbowl"
"289","Miami","Dolphins",2009,7,9,360,390,-30,-1.9,3.6,1.7,2.9,-1.2,"No Playoffs","No Superbowl"
"290","Buffalo","Bills",2009,6,10,258,326,-68,-4.3,2.4,-1.8,-4.5,2.7,"No Playoffs","No Superbowl"
"291","Cincinnati","Bengals",2009,10,6,305,291,14,0.9,-0.2,0.7,-2.5,3.2,"Playoffs","No Superbowl"
"292","Baltimore","Ravens",2009,9,7,391,261,130,8.1,-0.7,7.5,2.6,4.9,"Playoffs","No Superbowl"
"293","Pittsburgh","Steelers",2009,9,7,368,324,44,2.8,-1.1,1.7,1,0.7,"No Playoffs","No Superbowl"
"294","Cleveland","Browns",2009,5,11,245,375,-130,-8.1,-0.3,-8.4,-6,-2.4,"No Playoffs","No Superbowl"
"295","Indianapolis","Colts",2009,14,2,416,307,109,6.8,-0.9,5.9,4.4,1.5,"Playoffs","No Superbowl"
"296","Houston","Texans",2009,9,7,388,333,55,3.4,-1.5,2,2.7,-0.7,"No Playoffs","No Superbowl"
"297","Tennessee","Titans",2009,8,8,354,402,-48,-3,0.2,-2.8,0.9,-3.6,"No Playoffs","No Superbowl"
"298","Jacksonville","Jaguars",2009,7,9,290,380,-90,-5.6,-0.9,-6.5,-3.8,-2.6,"No Playoffs","No Superbowl"
"299","San Diego","Chargers",2009,13,3,454,320,134,8.4,-1.7,6.6,6.4,0.2,"Playoffs","No Superbowl"
"300","Denver","Broncos",2009,8,8,326,324,2,0.1,0.2,0.3,-1,1.3,"No Playoffs","No Superbowl"
"301","Oakland","Raiders",2009,5,11,197,379,-182,-11.4,1.1,-10.3,-8.7,-1.6,"No Playoffs","No Superbowl"
"302","Kansas City","Chiefs",2009,4,12,294,424,-130,-8.1,-0.3,-8.4,-2.5,-5.9,"No Playoffs","No Superbowl"
"303","Dallas","Cowboys",2009,11,5,361,250,111,6.9,0.2,7.1,0.4,6.7,"Playoffs","No Superbowl"
"304","Philadelphia","Eagles",2009,11,5,429,337,92,5.8,0.2,6,5.8,0.2,"Playoffs","No Superbowl"
"305","New York","Giants",2009,8,8,402,427,-25,-1.6,1.6,0.1,4.6,-4.5,"No Playoffs","No Superbowl"
"306","Washington","Redskins",2009,4,12,266,336,-70,-4.4,-0.2,-4.6,-5.5,1,"No Playoffs","No Superbowl"
"307","Minnesota","Vikings",2009,12,4,470,312,158,9.9,-2.7,7.2,6.6,0.6,"Playoffs","No Superbowl"
"308","Green Bay","Packers",2009,11,5,461,297,164,10.3,-2.9,7.4,6.3,1.1,"Playoffs","No Superbowl"
"309","Chicago","Bears",2009,7,9,327,375,-48,-3,-0.9,-3.9,-1.9,-2,"No Playoffs","No Superbowl"
"310","Detroit","Lions",2009,2,14,262,494,-232,-14.5,0.1,-14.4,-5.2,-9.2,"No Playoffs","No Superbowl"
"311","New Orleans","Saints",2009,13,3,510,341,169,10.6,0.2,10.8,11.2,-0.5,"Playoffs","Won Superbowl"
"312","Atlanta","Falcons",2009,9,7,363,325,38,2.4,2.7,5,2.7,2.3,"No Playoffs","No Superbowl"
"313","Carolina","Panthers",2009,8,8,315,308,7,0.4,3.5,3.9,-0.6,4.5,"No Playoffs","No Superbowl"
"314","Tampa Bay","Buccaneers",2009,3,13,244,400,-156,-9.8,4.1,-5.6,-4.6,-1.1,"No Playoffs","No Superbowl"
"315","Arizona","Cardinals",2009,10,6,375,325,50,3.1,-3.4,-0.3,0.1,-0.4,"Playoffs","No Superbowl"
"316","San Francisco","49ers",2009,8,8,330,281,49,3.1,-3,0.1,-2.9,3,"No Playoffs","No Superbowl"
"317","Seattle","Seahawks",2009,5,11,280,390,-110,-6.9,-2.4,-9.3,-5,-4.4,"No Playoffs","No Superbowl"
"318","St. Louis","Rams",2009,1,15,175,436,-261,-16.3,-1.1,-17.4,-11.7,-5.8,"No Playoffs","No Superbowl"
"319","New England","Patriots",2010,14,2,518,313,205,12.8,2.6,15.4,12.6,2.8,"Playoffs","No Superbowl"
"320","New York","Jets",2010,11,5,367,304,63,3.9,2.5,6.5,2.2,4.2,"Playoffs","No Superbowl"
"321","Miami","Dolphins",2010,7,9,273,333,-60,-3.8,4.1,0.3,-2.8,3.1,"No Playoffs","No Superbowl"
"322","Buffalo","Bills",2010,4,12,283,425,-142,-8.9,4.3,-4.6,-1.5,-3.1,"No Playoffs","No Superbowl"
"323","Pittsburgh","Steelers",2010,12,4,375,232,143,8.9,1.3,10.2,2.5,7.7,"Playoffs","No Superbowl"
"324","Baltimore","Ravens",2010,12,4,357,270,87,5.4,1,6.4,0.9,5.5,"Playoffs","No Superbowl"
"325","Cleveland","Browns",2010,5,11,271,332,-61,-3.8,2.3,-1.5,-3.4,2,"No Playoffs","No Superbowl"
"326","Cincinnati","Bengals",2010,4,12,322,395,-73,-4.6,3.1,-1.4,0.4,-1.9,"No Playoffs","No Superbowl"
"327","Indianapolis","Colts",2010,10,6,435,388,47,2.9,-0.1,2.9,3.7,-0.9,"Playoffs","No Superbowl"
"328","Jacksonville","Jaguars",2010,8,8,353,419,-66,-4.1,-0.4,-4.5,-1.2,-3.3,"No Playoffs","No Superbowl"
"329","Houston","Texans",2010,6,10,390,427,-37,-2.3,0.5,-1.8,1.8,-3.7,"No Playoffs","No Superbowl"
"330","Tennessee","Titans",2010,6,10,356,339,17,1.1,0,1,-0.9,1.9,"No Playoffs","No Superbowl"
"331","Kansas City","Chiefs",2010,10,6,366,326,40,2.5,-3.2,-0.7,-1.5,0.8,"Playoffs","No Superbowl"
"332","San Diego","Chargers",2010,9,7,441,322,119,7.4,-2.6,4.8,3.2,1.6,"No Playoffs","No Superbowl"
"333","Oakland","Raiders",2010,8,8,410,371,39,2.4,-2.3,0.2,2.3,-2.2,"No Playoffs","No Superbowl"
"334","Denver","Broncos",2010,4,12,344,471,-127,-7.9,-1,-8.9,-1.1,-7.8,"No Playoffs","No Superbowl"
"335","Philadelphia","Eagles",2010,10,6,439,377,62,3.9,0.3,4.2,5.4,-1.2,"Playoffs","No Superbowl"
"336","New York","Giants",2010,10,6,394,347,47,2.9,-0.8,2.1,1.7,0.4,"No Playoffs","No Superbowl"
"337","Dallas","Cowboys",2010,6,10,394,436,-42,-2.6,0.5,-2.2,2.5,-4.7,"No Playoffs","No Superbowl"
"338","Washington","Redskins",2010,6,10,302,377,-75,-4.7,0.9,-3.8,-3.4,-0.5,"No Playoffs","No Superbowl"
"339","Chicago","Bears",2010,11,5,334,286,48,3,1.1,4.1,-0.6,4.7,"Playoffs","No Superbowl"
"340","Green Bay","Packers",2010,10,6,388,240,148,9.3,1.7,10.9,3.1,7.9,"Playoffs","Won Superbowl"
"341","Detroit","Lions",2010,6,10,362,369,-7,-0.4,2.3,1.9,2.4,-0.5,"No Playoffs","No Superbowl"
"342","Minnesota","Vikings",2010,6,10,281,348,-67,-4.2,2.6,-1.6,-3.3,1.7,"No Playoffs","No Superbowl"
"343","Atlanta","Falcons",2010,13,3,414,288,126,7.9,-1.8,6.1,3.8,2.2,"Playoffs","No Superbowl"
"344","New Orleans","Saints",2010,11,5,384,307,77,4.8,-2.5,2.3,1.5,0.8,"Playoffs","No Superbowl"
"345","Tampa Bay","Buccaneers",2010,10,6,341,318,23,1.4,-2,-0.6,-1,0.4,"No Playoffs","No Superbowl"
"346","Carolina","Panthers",2010,2,14,196,408,-212,-13.3,0.1,-13.2,-9.1,-4.1,"No Playoffs","No Superbowl"
"347","Seattle","Seahawks",2010,7,9,310,407,-97,-6.1,-3.4,-9.4,-3.9,-5.5,"Playoffs","No Superbowl"
"348","St. Louis","Rams",2010,7,9,289,328,-39,-2.4,-4.2,-6.7,-6.3,-0.4,"No Playoffs","No Superbowl"
"349","San Francisco","49ers",2010,6,10,305,346,-41,-2.6,-3.3,-5.8,-4.7,-1.1,"No Playoffs","No Superbowl"
"350","Arizona","Cardinals",2010,5,11,289,434,-145,-9.1,-3.6,-12.7,-5.6,-7.1,"No Playoffs","No Superbowl"
"351","New England","Patriots",2011,13,3,513,342,171,10.7,-1.4,9.3,9.4,-0.1,"Playoffs","No Superbowl"
"352","New York","Jets",2011,8,8,377,363,14,0.9,0,0.9,1.2,-0.3,"No Playoffs","No Superbowl"
"353","Miami","Dolphins",2011,6,10,329,313,16,1,-0.1,0.9,-2.2,3.2,"No Playoffs","No Superbowl"
"354","Buffalo","Bills",2011,6,10,372,434,-62,-3.9,0.5,-3.4,1.2,-4.5,"No Playoffs","No Superbowl"
"355","Baltimore","Ravens",2011,12,4,378,266,112,7,-0.9,6.1,2.6,3.5,"Playoffs","No Superbowl"
"356","Pittsburgh","Steelers",2011,12,4,325,227,98,6.1,-0.8,5.3,-0.8,6,"Playoffs","No Superbowl"
"357","Cincinnati","Bengals",2011,9,7,344,323,21,1.3,-0.9,0.5,0.7,-0.2,"Playoffs","No Superbowl"
"358","Cleveland","Browns",2011,4,12,218,307,-89,-5.6,0.2,-5.4,-7.2,1.8,"No Playoffs","No Superbowl"
"359","Houston","Texans",2011,10,6,381,278,103,6.4,-1.9,4.5,1.4,3.2,"Playoffs","No Superbowl"
"360","Tennessee","Titans",2011,9,7,325,317,8,0.5,-1.5,-1,-2.2,1.2,"No Playoffs","No Superbowl"
"361","Jacksonville","Jaguars",2011,5,11,243,329,-86,-5.4,-0.3,-5.6,-7.1,1.4,"No Playoffs","No Superbowl"
"362","Indianapolis","Colts",2011,2,14,243,430,-187,-11.7,0.4,-11.3,-6,-5.3,"No Playoffs","No Superbowl"
"363","Denver","Broncos",2011,8,8,309,390,-81,-5.1,-0.2,-5.3,-3.6,-1.7,"Playoffs","No Superbowl"
"364","San Diego","Chargers",2011,8,8,406,377,29,1.8,-0.9,0.9,2.7,-1.8,"No Playoffs","No Superbowl"
"365","Oakland","Raiders",2011,8,8,359,433,-74,-4.6,-0.3,-4.9,0.2,-5.1,"No Playoffs","No Superbowl"
"366","Kansas City","Chiefs",2011,7,9,212,338,-126,-7.9,-0.2,-8.1,-10.2,2.1,"No Playoffs","No Superbowl"
"367","New York","Giants",2011,9,7,394,400,-6,-0.4,2,1.6,3.1,-1.5,"Playoffs","Won Superbowl"
"368","Philadelphia","Eagles",2011,8,8,396,328,68,4.3,0.5,4.7,3.1,1.7,"No Playoffs","No Superbowl"
"369","Dallas","Cowboys",2011,8,8,369,347,22,1.4,0.3,1.6,0.7,0.9,"No Playoffs","No Superbowl"
"370","Washington","Redskins",2011,5,11,288,367,-79,-4.9,0.8,-4.1,-4.3,0.2,"No Playoffs","No Superbowl"
"371","Green Bay","Packers",2011,15,1,560,359,201,12.6,-1.2,11.4,11.5,-0.1,"Playoffs","No Superbowl"
"372","Detroit","Lions",2011,10,6,474,387,87,5.4,0.6,6.1,6.9,-0.8,"Playoffs","No Superbowl"
"373","Chicago","Bears",2011,8,8,353,341,12,0.8,0.9,1.7,-1.5,3.1,"No Playoffs","No Superbowl"
"374","Minnesota","Vikings",2011,3,13,340,449,-109,-6.8,1.1,-5.7,-1.6,-4.1,"No Playoffs","No Superbowl"
"375","New Orleans","Saints",2011,13,3,547,339,208,13,-1.6,11.4,10.6,0.8,"Playoffs","No Superbowl"
"376","Atlanta","Falcons",2011,10,6,402,350,52,3.3,0.3,3.5,1.8,1.7,"Playoffs","No Superbowl"
"377","Carolina","Panthers",2011,6,10,406,429,-23,-1.4,0.1,-1.3,2.6,-3.9,"No Playoffs","No Superbowl"
"378","Tampa Bay","Buccaneers",2011,4,12,287,494,-207,-12.9,2.3,-10.6,-4,-6.6,"No Playoffs","No Superbowl"
"379","San Francisco","49ers",2011,13,3,380,229,151,9.4,-1.1,8.3,1.7,6.6,"Playoffs","No Superbowl"
"380","Arizona","Cardinals",2011,8,8,312,348,-36,-2.3,0,-2.2,-1.7,-0.5,"No Playoffs","No Superbowl"
"381","Seattle","Seahawks",2011,7,9,321,315,6,0.4,0.4,0.8,-0.5,1.3,"No Playoffs","No Superbowl"
"382","St. Louis","Rams",2011,2,14,193,407,-214,-13.4,2.9,-10.4,-8.4,-2.1,"No Playoffs","No Superbowl"
"383","New England","Patriots",2012,12,4,557,331,226,14.1,-1.4,12.8,12.2,0.5,"Playoffs","No Superbowl"
"384","Miami","Dolphins",2012,7,9,288,317,-29,-1.8,-0.8,-2.6,-5.5,2.9,"No Playoffs","No Superbowl"
"385","New York","Jets",2012,6,10,281,375,-94,-5.9,0,-5.9,-5.1,-0.9,"No Playoffs","No Superbowl"
"386","Buffalo","Bills",2012,6,10,344,435,-91,-5.7,-1,-6.7,-0.9,-5.8,"No Playoffs","No Superbowl"
"387","Baltimore","Ravens",2012,10,6,398,344,54,3.4,-0.5,2.9,1.9,1,"Playoffs","Won Superbowl"
"388","Cincinnati","Bengals",2012,10,6,391,320,71,4.4,-2.4,2.1,1.2,0.9,"Playoffs","No Superbowl"
"389","Pittsburgh","Steelers",2012,8,8,336,314,22,1.4,-2,-0.7,-2.8,2.1,"No Playoffs","No Superbowl"
"390","Cleveland","Browns",2012,5,11,302,368,-66,-4.1,-1.2,-5.3,-4.6,-0.7,"No Playoffs","No Superbowl"
"391","Houston","Texans",2012,12,4,416,331,85,5.3,-1.8,3.5,1.8,1.7,"Playoffs","No Superbowl"
"392","Indianapolis","Colts",2012,11,5,357,387,-30,-1.9,-2.8,-4.7,-1.9,-2.8,"Playoffs","No Superbowl"
"393","Tennessee","Titans",2012,6,10,330,471,-141,-8.8,-1.2,-10,-2.6,-7.4,"No Playoffs","No Superbowl"
"394","Jacksonville","Jaguars",2012,2,14,255,444,-189,-11.8,-1.1,-13,-8.1,-4.9,"No Playoffs","No Superbowl"
"395","Denver","Broncos",2012,13,3,481,289,192,12,-1.9,10.1,6.3,3.8,"Playoffs","No Superbowl"
"396","San Diego","Chargers",2012,7,9,350,350,0,0,-2.3,-2.3,-2,-0.4,"No Playoffs","No Superbowl"
"397","Oakland","Raiders",2012,4,12,290,443,-153,-9.6,-1.3,-10.8,-4.6,-6.2,"No Playoffs","No Superbowl"
"398","Kansas City","Chiefs",2012,2,14,211,425,-214,-13.4,-0.6,-14,-10.3,-3.7,"No Playoffs","No Superbowl"
"399","Washington","Redskins",2012,10,6,436,388,48,3,0.4,3.4,4.6,-1.2,"Playoffs","No Superbowl"
"400","New York","Giants",2012,9,7,429,344,85,5.3,0.9,6.2,4,2.2,"No Playoffs","No Superbowl"
"401","Dallas","Cowboys",2012,8,8,376,400,-24,-1.5,1.8,0.3,1.4,-1.2,"No Playoffs","No Superbowl"
"402","Philadelphia","Eagles",2012,4,12,280,444,-164,-10.3,1.4,-8.9,-5.3,-3.6,"No Playoffs","No Superbowl"
"403","Green Bay","Packers",2012,11,5,433,336,97,6.1,1.2,7.3,4.9,2.4,"Playoffs","No Superbowl"
"404","Minnesota","Vikings",2012,10,6,379,348,31,1.9,1.4,3.4,1.6,1.8,"Playoffs","No Superbowl"
"405","Chicago","Bears",2012,10,6,375,277,98,6.1,0.8,6.9,1,6,"No Playoffs","No Superbowl"
"406","Detroit","Lions",2012,4,12,372,437,-65,-4.1,1.8,-2.3,2.1,-4.4,"No Playoffs","No Superbowl"
"407","Atlanta","Falcons",2012,13,3,419,299,120,7.5,-1.1,6.4,2,4.5,"Playoffs","No Superbowl"
"408","Carolina","Panthers",2012,7,9,357,363,-6,-0.4,1.2,0.8,-0.5,1.3,"No Playoffs","No Superbowl"
"409","New Orleans","Saints",2012,7,9,461,454,7,0.4,1,1.4,6.5,-5.1,"No Playoffs","No Superbowl"
"410","Tampa Bay","Buccaneers",2012,7,9,389,394,-5,-0.3,0.3,0,1.3,-1.3,"No Playoffs","No Superbowl"
"411","San Francisco","49ers",2012,11,4,397,273,124,7.8,2.5,10.2,3.5,6.7,"Playoffs","No Superbowl"
"412","Seattle","Seahawks",2012,11,5,412,245,167,10.4,1.8,12.2,4.5,7.7,"Playoffs","No Superbowl"
"413","St. Louis","Rams",2012,7,8,299,348,-49,-3.1,3.4,0.4,-2.1,2.4,"No Playoffs","No Superbowl"
"414","Arizona","Cardinals",2012,5,11,250,357,-107,-6.7,3.5,-3.2,-4.8,1.6,"No Playoffs","No Superbowl"
"415","New England","Patriots",2013,12,4,444,338,106,6.6,-0.7,5.9,4.5,1.4,"Playoffs","No Superbowl"
"416","New York","Jets",2013,8,8,290,387,-97,-6.1,0,-6.1,-4.7,-1.4,"No Playoffs","No Superbowl"
"417","Miami","Dolphins",2013,8,8,317,335,-18,-1.1,0.3,-0.8,-2.9,2.1,"No Playoffs","No Superbowl"
"418","Buffalo","Bills",2013,6,10,339,388,-49,-3.1,-0.1,-3.2,-1.3,-1.9,"No Playoffs","No Superbowl"
"419","Cincinnati","Bengals",2013,11,5,430,305,125,7.8,-2.5,5.4,2.3,3,"Playoffs","No Superbowl"
"420","Pittsburgh","Steelers",2013,8,8,379,370,9,0.6,-2.5,-2,-0.9,-1,"No Playoffs","No Superbowl"
"421","Baltimore","Ravens",2013,8,8,320,352,-32,-2,-1.5,-3.5,-5,1.4,"No Playoffs","No Superbowl"
"422","Cleveland","Browns",2013,4,12,308,406,-98,-6.1,-1.6,-7.7,-4.8,-2.9,"No Playoffs","No Superbowl"
"423","Indianapolis","Colts",2013,11,5,391,336,55,3.4,0.6,4,1.7,2.3,"Playoffs","No Superbowl"
"424","Tennessee","Titans",2013,7,9,362,381,-19,-1.2,0.4,-0.8,-0.2,-0.6,"No Playoffs","No Superbowl"
"425","Jacksonville","Jaguars",2013,4,12,247,449,-202,-12.6,1.5,-11.1,-7.1,-4,"No Playoffs","No Superbowl"
"426","Houston","Texans",2013,2,14,276,428,-152,-9.5,1.9,-7.6,-5,-2.6,"No Playoffs","No Superbowl"
"427","Denver","Broncos",2013,13,3,606,399,207,12.9,-1.6,11.4,14.1,-2.7,"Playoffs","No Superbowl"
"428","Kansas City","Chiefs",2013,11,5,430,305,125,7.8,-1.7,6.1,1.7,4.3,"Playoffs","No Superbowl"
"429","San Diego","Chargers",2013,9,7,396,348,48,3,-0.3,2.7,0.5,2.1,"Playoffs","No Superbowl"
"430","Oakland","Raiders",2013,4,12,322,453,-131,-8.2,0.2,-8,-3.8,-4.2,"No Playoffs","No Superbowl"
"431","Philadelphia","Eagles",2013,10,6,442,382,60,3.8,-1.9,1.9,2.3,-0.5,"Playoffs","No Superbowl"
"432","Dallas","Cowboys",2013,8,8,439,432,7,0.4,-1.1,-0.7,2.7,-3.4,"No Playoffs","No Superbowl"
"433","New York","Giants",2013,7,9,294,383,-89,-5.6,0.2,-5.4,-6.2,0.8,"No Playoffs","No Superbowl"
"434","Washington","Redskins",2013,3,13,334,478,-144,-9,-0.3,-9.3,-3.9,-5.4,"No Playoffs","No Superbowl"
"435","Green Bay","Packers",2013,8,7,417,428,-11,-0.7,-2.4,-3.1,0.5,-3.6,"Playoffs","No Superbowl"
"436","Chicago","Bears",2013,8,8,445,478,-33,-2.1,-2.1,-4.1,3,-7.1,"No Playoffs","No Superbowl"
"437","Detroit","Lions",2013,7,9,395,376,19,1.2,-2.8,-1.6,-1.2,-0.5,"No Playoffs","No Superbowl"
"438","Minnesota","Vikings",2013,5,10,391,480,-89,-5.6,-1.1,-6.6,0.2,-6.9,"No Playoffs","No Superbowl"
"439","Carolina","Panthers",2013,12,4,366,241,125,7.8,1.4,9.2,0.6,8.6,"Playoffs","No Superbowl"
"440","New Orleans","Saints",2013,11,5,414,304,110,6.9,1.9,8.8,3.8,5,"Playoffs","No Superbowl"
"441","Atlanta","Falcons",2013,4,12,353,443,-90,-5.6,2.9,-2.8,1.2,-3.9,"No Playoffs","No Superbowl"
"442","Tampa Bay","Buccaneers",2013,4,12,288,389,-101,-6.3,3.6,-2.7,-2.9,0.3,"No Playoffs","No Superbowl"
"443","Seattle","Seahawks",2013,13,3,417,231,186,11.6,1.4,13,4.1,8.9,"Playoffs","Won Superbowl"
"444","San Francisco","49ers",2013,12,4,406,272,134,8.4,1.8,10.1,3.5,6.6,"Playoffs","No Superbowl"
"445","Arizona","Cardinals",2013,10,6,379,324,55,3.4,3,6.4,2.7,3.7,"No Playoffs","No Superbowl"
"446","St. Louis","Rams",2013,7,9,348,364,-16,-1,3.2,2.2,0.4,1.8,"No Playoffs","No Superbowl"
"447","New England","Patriots",2014,12,4,468,313,155,9.7,1.3,10.9,7.5,3.5,"Playoffs","Won Superbowl"
"448","Buffalo","Bills",2014,9,7,343,289,54,3.4,1.6,4.9,-0.4,5.3,"No Playoffs","No Superbowl"
"449","Miami","Dolphins",2014,8,8,388,373,15,0.9,1.6,2.6,2.9,-0.4,"No Playoffs","No Superbowl"
"450","New York","Jets",2014,4,12,283,401,-118,-7.4,2.3,-5,-4,-1,"No Playoffs","No Superbowl"
"451","Pittsburgh","Steelers",2014,11,5,436,368,68,4.3,-2,2.2,4.4,-2.1,"Playoffs","No Superbowl"
"452","Cincinnati","Bengals",2014,10,5,365,344,21,1.3,-0.6,0.7,-0.5,1.3,"Playoffs","No Superbowl"
"453","Baltimore","Ravens",2014,10,6,409,302,107,6.7,-2.1,4.6,1.8,2.8,"Playoffs","No Superbowl"
"454","Cleveland","Browns",2014,7,9,299,337,-38,-2.4,-1.5,-3.9,-4.8,0.9,"No Playoffs","No Superbowl"
"455","Indianapolis","Colts",2014,11,5,458,369,89,5.6,-1.1,4.4,5.2,-0.8,"Playoffs","No Superbowl"
"456","Houston","Texans",2014,9,7,372,307,65,4.1,-2.3,1.7,-0.8,2.5,"No Playoffs","No Superbowl"
"457","Jacksonville","Jaguars",2014,3,13,249,412,-163,-10.2,-0.3,-10.5,-7.8,-2.7,"No Playoffs","No Superbowl"
"458","Tennessee","Titans",2014,2,14,254,438,-184,-11.5,-0.3,-11.8,-7,-4.9,"No Playoffs","No Superbowl"
"459","Denver","Broncos",2014,12,4,482,354,128,8,1.6,9.6,9.2,0.4,"Playoffs","No Superbowl"
"460","San Diego","Chargers",2014,9,7,348,348,0,0,1.9,1.9,0.7,1.2,"No Playoffs","No Superbowl"
"461","Kansas City","Chiefs",2014,9,7,353,281,72,4.5,1.2,5.7,0,5.7,"No Playoffs","No Superbowl"
"462","Oakland","Raiders",2014,3,13,253,452,-199,-12.4,3.4,-9,-4.3,-4.7,"No Playoffs","No Superbowl"
"463","Dallas","Cowboys",2014,12,4,467,352,115,7.2,-1.8,5.4,5.3,0.1,"Playoffs","No Superbowl"
"464","Philadelphia","Eagles",2014,10,6,474,400,74,4.6,-0.7,3.9,6.6,-2.7,"No Playoffs","No Superbowl"
"465","New York","Giants",2014,6,10,380,400,-20,-1.3,-0.4,-1.7,0.8,-2.5,"No Playoffs","No Superbowl"
"466","Washington","Redskins",2014,4,12,301,438,-137,-8.6,-0.2,-8.7,-4,-4.7,"No Playoffs","No Superbowl"
"467","Green Bay","Packers",2014,12,4,486,348,138,8.6,-0.3,8.3,7.9,0.4,"Playoffs","No Superbowl"
"468","Detroit","Lions",2014,11,5,321,282,39,2.4,-0.4,2.1,-3.2,5.2,"Playoffs","No Superbowl"
"469","Minnesota","Vikings",2014,7,9,325,343,-18,-1.1,-0.5,-1.7,-2.8,1.1,"No Playoffs","No Superbowl"
"470","Chicago","Bears",2014,5,11,319,442,-123,-7.7,1,-6.7,-2,-4.7,"No Playoffs","No Superbowl"
"471","Carolina","Panthers",2014,7,8,339,374,-35,-2.2,-0.9,-3.1,-2.4,-0.7,"Playoffs","No Superbowl"
"472","New Orleans","Saints",2014,7,9,401,424,-23,-1.4,-1.5,-2.9,1.9,-4.8,"No Playoffs","No Superbowl"
"473","Atlanta","Falcons",2014,6,10,381,417,-36,-2.3,-1.6,-3.8,0.6,-4.4,"No Playoffs","No Superbowl"
"474","Tampa Bay","Buccaneers",2014,2,14,277,410,-133,-8.3,-1.5,-9.8,-6.5,-3.3,"No Playoffs","No Superbowl"
"475","Seattle","Seahawks",2014,12,4,394,254,140,8.8,0.8,9.5,2.4,7.1,"Playoffs","No Superbowl"
"476","Arizona","Cardinals",2014,11,5,310,299,11,0.7,1.3,2,-2.4,4.4,"Playoffs","No Superbowl"
"477","San Francisco","49ers",2014,8,8,306,340,-34,-2.1,1.2,-1,-3,2.1,"No Playoffs","No Superbowl"
"478","St. Louis","Rams",2014,6,10,324,354,-30,-1.9,1,-0.8,-1.2,0.4,"No Playoffs","No Superbowl"
"479","New England","Patriots",2015,12,4,465,315,150,9.4,-2.4,7,5.3,1.7,"Playoffs","No Superbowl"
"480","New York","Jets",2015,10,6,387,314,73,4.6,-3,1.5,-0.5,2,"No Playoffs","No Superbowl"
"481","Buffalo","Bills",2015,8,8,379,359,20,1.3,-1.2,0,0.3,-0.2,"No Playoffs","No Superbowl"
"482","Miami","Dolphins",2015,6,10,310,389,-79,-4.9,-1.9,-6.8,-4.7,-2.2,"No Playoffs","No Superbowl"
"483","Cincinnati","Bengals",2015,12,4,419,279,140,8.8,1.9,10.6,4.8,5.8,"Playoffs","No Superbowl"
"484","Pittsburgh","Steelers",2015,10,6,423,319,104,6.5,2.2,8.7,5.1,3.6,"Playoffs","No Superbowl"
"485","Baltimore","Ravens",2015,5,11,328,401,-73,-4.6,2.6,-1.9,-0.7,-1.2,"No Playoffs","No Superbowl"
"486","Cleveland","Browns",2015,3,13,278,432,-154,-9.6,3.5,-6.1,-3.2,-2.9,"No Playoffs","No Superbowl"
"487","Houston","Texans",2015,9,7,339,313,26,1.6,-2.4,-0.8,-3.3,2.6,"Playoffs","No Superbowl"
"488","Indianapolis","Colts",2015,8,8,333,408,-75,-4.7,-2,-6.7,-3.1,-3.6,"No Playoffs","No Superbowl"
"489","Jacksonville","Jaguars",2015,5,11,376,448,-72,-4.5,-3,-7.5,-0.7,-6.9,"No Playoffs","No Superbowl"
"490","Tennessee","Titans",2015,3,13,299,423,-124,-7.8,-2.8,-10.5,-5.9,-4.6,"No Playoffs","No Superbowl"
"491","Denver","Broncos",2015,12,4,355,296,59,3.7,2.1,5.8,0.3,5.5,"Playoffs","Won Superbowl"
"492","Kansas City","Chiefs",2015,11,5,405,287,118,7.4,1.6,9,3.7,5.3,"Playoffs","No Superbowl"
"493","Oakland","Raiders",2015,7,9,359,399,-40,-2.5,2.3,-0.2,1.4,-1.6,"No Playoffs","No Superbowl"
"494","San Diego","Chargers",2015,4,12,320,398,-78,-4.9,2.2,-2.6,-1.5,-1.1,"No Playoffs","No Superbowl"
"495","Washington","Redskins",2015,9,7,388,379,9,0.6,-2.5,-1.9,-0.2,-1.8,"Playoffs","No Superbowl"
"496","Philadelphia","Eagles",2015,7,9,377,430,-53,-3.3,-1.3,-4.6,-0.6,-4,"No Playoffs","No Superbowl"
"497","New York","Giants",2015,6,10,420,442,-22,-1.4,-2.2,-3.6,2.5,-6.1,"No Playoffs","No Superbowl"
"498","Dallas","Cowboys",2015,4,12,275,374,-99,-6.2,-0.7,-6.9,-7,0.1,"No Playoffs","No Superbowl"
"499","Minnesota","Vikings",2015,11,5,365,302,63,3.9,1.9,5.8,1.1,4.7,"Playoffs","No Superbowl"
"500","Green Bay","Packers",2015,10,6,368,323,45,2.8,2.5,5.3,2,3.3,"Playoffs","No Superbowl"
"501","Detroit","Lions",2015,7,9,358,400,-42,-2.6,2.4,-0.2,1,-1.3,"No Playoffs","No Superbowl"
"502","Chicago","Bears",2015,6,10,335,397,-62,-3.9,2.6,-1.3,-0.1,-1.2,"No Playoffs","No Superbowl"
"503","Carolina","Panthers",2015,15,1,500,308,192,12,-3.9,8.1,6,2.1,"Playoffs","No Superbowl"
"504","Atlanta","Falcons",2015,8,8,339,345,-6,-0.4,-3.4,-3.8,-4,0.3,"No Playoffs","No Superbowl"
"505","New Orleans","Saints",2015,7,9,408,476,-68,-4.3,-2.3,-6.6,1.1,-7.6,"No Playoffs","No Superbowl"
"506","Tampa Bay","Buccaneers",2015,6,10,342,417,-75,-4.7,-3,-7.7,-3.5,-4.2,"No Playoffs","No Superbowl"
"507","Arizona","Cardinals",2015,13,3,489,313,176,11,1.3,12.3,9,3.4,"Playoffs","No Superbowl"
"508","Seattle","Seahawks",2015,10,6,423,277,146,9.1,2.2,11.3,5.4,6,"Playoffs","No Superbowl"
"509","St. Louis","Rams",2015,7,9,280,330,-50,-3.1,3,-0.2,-3.8,3.6,"No Playoffs","No Superbowl"
"510","San Francisco","49ers",2015,5,11,238,387,-149,-9.3,3.8,-5.5,-6,0.5,"No Playoffs","No Superbowl"
"511","New England","Patriots",2016,14,2,441,250,191,11.9,-2.7,9.3,4.3,5,"Playoffs","Won Superbowl"
"512","Miami","Dolphins",2016,10,6,363,380,-17,-1.1,-1.3,-2.4,-0.6,-1.8,"Playoffs","No Superbowl"
"513","Buffalo","Bills",2016,7,9,399,378,21,1.3,-1.6,-0.3,1.8,-2.2,"No Playoffs","No Superbowl"
"514","New York","Jets",2016,5,11,275,409,-134,-8.4,-0.1,-8.5,-5.5,-3,"No Playoffs","No Superbowl"
"515","Pittsburgh","Steelers",2016,11,5,399,327,72,4.5,0.2,4.7,2.8,2,"Playoffs","No Superbowl"
"516","Baltimore","Ravens",2016,8,8,343,321,22,1.4,0.2,1.5,-1.1,2.6,"No Playoffs","No Superbowl"
"517","Cincinnati","Bengals",2016,6,9,325,315,10,0.6,0.4,1,-1.5,2.5,"No Playoffs","No Superbowl"
"518","Cleveland","Browns",2016,1,15,264,452,-188,-11.8,1.7,-10.1,-5.2,-4.9,"No Playoffs","No Superbowl"
"519","Houston","Texans",2016,9,7,279,328,-49,-3.1,0.4,-2.6,-5.3,2.7,"Playoffs","No Superbowl"
"520","Tennessee","Titans",2016,9,7,381,378,3,0.2,-1.2,-1,0.7,-1.7,"No Playoffs","No Superbowl"
"521","Indianapolis","Colts",2016,8,8,411,392,19,1.2,-0.8,0.4,3.1,-2.7,"No Playoffs","No Superbowl"
"522","Jacksonville","Jaguars",2016,3,13,318,400,-82,-5.1,0.2,-5,-2.7,-2.3,"No Playoffs","No Superbowl"
"523","Kansas City","Chiefs",2016,12,4,389,311,78,4.9,0.7,5.6,1.2,4.4,"Playoffs","No Superbowl"
"524","Oakland","Raiders",2016,12,4,416,385,31,1.9,1.3,3.3,3.5,-0.3,"Playoffs","No Superbowl"
"525","Denver","Broncos",2016,9,7,333,297,36,2.3,1.8,4,-2,6.1,"No Playoffs","No Superbowl"
"526","San Diego","Chargers",2016,5,11,410,423,-13,-0.8,0.9,0.1,3,-3,"No Playoffs","No Superbowl"
"527","Dallas","Cowboys",2016,13,3,421,306,115,7.2,-0.2,7,4.1,2.9,"Playoffs","No Superbowl"
"528","New York","Giants",2016,11,5,310,284,26,1.6,0.5,2.1,-3.2,5.4,"Playoffs","No Superbowl"
"529","Washington","Redskins",2016,8,7,396,383,13,0.8,1.2,2,3.3,-1.3,"No Playoffs","No Superbowl"
"530","Philadelphia","Eagles",2016,7,9,367,331,36,2.3,1.6,3.8,1.3,2.5,"No Playoffs","No Superbowl"
"531","Green Bay","Packers",2016,10,6,432,388,44,2.8,0.1,2.8,4.9,-2,"Playoffs","No Superbowl"
"532","Detroit","Lions",2016,9,7,346,358,-12,-0.8,-0.6,-1.4,-1.3,-0.1,"Playoffs","No Superbowl"
"533","Minnesota","Vikings",2016,8,8,327,307,20,1.3,-0.3,0.9,-2.6,3.6,"No Playoffs","No Superbowl"
"534","Chicago","Bears",2016,3,13,279,399,-120,-7.5,0,-7.5,-5.2,-2.3,"No Playoffs","No Superbowl"
"535","Atlanta","Falcons",2016,11,5,540,406,134,8.4,0.1,8.5,10.5,-2,"Playoffs","No Superbowl"
"536","Tampa Bay","Buccaneers",2016,9,7,354,369,-15,-0.9,0.7,-0.2,-1.5,1.3,"No Playoffs","No Superbowl"
"537","New Orleans","Saints",2016,7,9,469,454,15,0.9,0.6,1.5,6.8,-5.3,"No Playoffs","No Superbowl"
"538","Carolina","Panthers",2016,6,10,369,402,-33,-2.1,1.1,-1,-0.2,-0.8,"No Playoffs","No Superbowl"
"539","Seattle","Seahawks",2016,10,5,354,292,62,3.9,-1.7,2.1,-2.4,4.5,"Playoffs","No Superbowl"
"540","Arizona","Cardinals",2016,7,8,418,362,56,3.5,-1.9,1.6,2.4,-0.8,"No Playoffs","No Superbowl"
"541","Los Angeles","Rams",2016,4,12,224,394,-170,-10.6,-0.5,-11.1,-9.5,-1.6,"No Playoffs","No Superbowl"
"542","San Francisco","49ers",2016,2,14,309,480,-171,-10.7,-0.5,-11.2,-3.7,-7.5,"No Playoffs","No Superbowl"
"543","New England","Patriots",2017,13,3,458,296,162,10.1,-1.2,8.9,6.3,2.6,"Playoffs","No Superbowl"
"544","Buffalo","Bills",2017,9,7,302,359,-57,-3.6,-0.5,-4,-3,-1,"Playoffs","No Superbowl"
"545","Miami","Dolphins",2017,6,10,281,393,-112,-7,0.7,-6.3,-3.9,-2.4,"No Playoffs","No Superbowl"
"546","New York","Jets",2017,5,11,298,382,-84,-5.3,0.3,-4.9,-2.9,-2.1,"No Playoffs","No Superbowl"
"547","Pittsburgh","Steelers",2017,13,3,406,308,98,6.1,-1.1,5,3.2,1.8,"Playoffs","No Superbowl"
"548","Baltimore","Ravens",2017,9,7,395,303,92,5.8,-2.4,3.4,2.2,1.2,"No Playoffs","No Superbowl"
"549","Cincinnati","Bengals",2017,7,9,290,349,-59,-3.7,-1.3,-5,-4.1,-0.9,"No Playoffs","No Superbowl"
"550","Cleveland","Browns",2017,0,16,234,410,-176,-11,0,-11,-6.8,-4.1,"No Playoffs","No Superbowl"
"551","Jacksonville","Jaguars",2017,10,6,417,268,149,9.3,-2.8,6.5,3,3.6,"Playoffs","No Superbowl"
"552","Tennessee","Titans",2017,9,7,334,356,-22,-1.4,-2.1,-3.5,-2,-1.5,"Playoffs","No Superbowl"
"553","Indianapolis","Colts",2017,4,12,263,404,-141,-8.8,-1.3,-10.1,-6.1,-4,"No Playoffs","No Superbowl"
"554","Houston","Texans",2017,4,12,338,436,-98,-6.1,-0.3,-6.4,-0.8,-5.6,"No Playoffs","No Superbowl"
"555","Kansas City","Chiefs",2017,10,6,415,339,76,4.8,-1.3,3.4,3.8,-0.3,"Playoffs","No Superbowl"
"556","Los Angeles","Chargers",2017,9,7,355,272,83,5.2,-1.5,3.6,-0.3,4,"No Playoffs","No Superbowl"
"557","Oakland","Raiders",2017,6,10,301,373,-72,-4.5,-0.2,-4.7,-3,-1.8,"No Playoffs","No Superbowl"
"558","Denver","Broncos",2017,5,11,289,382,-93,-5.8,-0.9,-6.7,-3.9,-2.9,"No Playoffs","No Superbowl"
"559","Philadelphia","Eagles",2017,13,3,457,295,162,10.1,-0.7,9.4,7,2.5,"Playoffs","Won Superbowl"
"560","Dallas","Cowboys",2017,9,7,354,332,22,1.4,0.2,1.6,0.4,1.2,"No Playoffs","No Superbowl"
"561","Washington","Redskins",2017,7,9,342,388,-46,-2.9,1.6,-1.3,0.5,-1.8,"No Playoffs","No Superbowl"
"562","New York","Giants",2017,3,13,246,388,-142,-8.9,1.3,-7.6,-6.4,-1.2,"No Playoffs","No Superbowl"
"563","Minnesota","Vikings",2017,13,3,382,252,130,8.1,1,9.1,2.3,6.8,"Playoffs","No Superbowl"
"564","Detroit","Lions",2017,9,7,410,376,34,2.1,0.6,2.7,5.2,-2.5,"No Playoffs","No Superbowl"
"565","Green Bay","Packers",2017,7,9,320,384,-64,-4,2.1,-1.9,-0.3,-1.6,"No Playoffs","No Superbowl"
"566","Chicago","Bears",2017,5,11,264,320,-56,-3.5,2.2,-1.3,-4.6,3.3,"No Playoffs","No Superbowl"
"567","New Orleans","Saints",2017,11,5,448,326,122,7.6,1.5,9.2,7,2.2,"Playoffs","No Superbowl"
"568","Carolina","Panthers",2017,11,5,363,327,36,2.3,2.1,4.3,1.7,2.7,"Playoffs","No Superbowl"
"569","Atlanta","Falcons",2017,10,6,353,315,38,2.4,1.9,4.3,1.1,3.2,"Playoffs","No Superbowl"
"570","Tampa Bay","Buccaneers",2017,5,11,335,382,-47,-2.9,1.7,-1.3,0.4,-1.7,"No Playoffs","No Superbowl"
"571","Los Angeles","Rams",2017,11,5,478,329,149,9.3,-0.2,9.2,8.2,1,"Playoffs","No Superbowl"
"572","Seattle","Seahawks",2017,9,7,366,332,34,2.1,-0.2,1.9,0.7,1.2,"No Playoffs","No Superbowl"
"573","Arizona","Cardinals",2017,8,8,295,361,-66,-4.1,0.4,-3.7,-4,0.2,"No Playoffs","No Superbowl"
"574","San Francisco","49ers",2017,6,10,331,383,-52,-3.3,0.4,-2.9,-0.8,-2.1,"No Playoffs","No Superbowl"
"575","New England","Patriots",2018,11,5,436,325,111,6.9,-1.8,5.2,3.1,2.1,"Playoffs","Won Superbowl"
"576","Miami","Dolphins",2018,7,9,319,433,-114,-7.1,-1.7,-8.8,-3.6,-5.2,"No Playoffs","No Superbowl"
"577","Buffalo","Bills",2018,6,10,269,374,-105,-6.6,-0.3,-6.9,-6.3,-0.6,"No Playoffs","No Superbowl"
"578","New York","Jets",2018,4,12,333,441,-108,-6.8,-1.1,-7.8,-2,-5.9,"No Playoffs","No Superbowl"
"579","Baltimore","Ravens",2018,10,6,389,287,102,6.4,0.6,7,0.6,6.4,"Playoffs","No Superbowl"
"580","Pittsburgh","Steelers",2018,9,6,428,360,68,4.3,1.3,5.6,3.9,1.7,"No Playoffs","No Superbowl"
"581","Cleveland","Browns",2018,7,8,359,392,-33,-2.1,1.7,-0.3,-1,0.6,"No Playoffs","No Superbowl"
"582","Cincinnati","Bengals",2018,6,10,368,455,-87,-5.4,2,-3.4,0,-3.4,"No Playoffs","No Superbowl"
"583","Houston","Texans",2018,11,5,402,316,86,5.4,-1.5,3.8,2.4,1.4,"Playoffs","No Superbowl"
"584","Indianapolis","Colts",2018,10,6,433,344,89,5.6,-2.2,3.4,3.9,-0.6,"Playoffs","No Superbowl"
"585","Tennessee","Titans",2018,9,7,310,303,7,0.4,-0.2,0.2,-3.2,3.5,"No Playoffs","No Superbowl"
"586","Jacksonville","Jaguars",2018,5,11,245,316,-71,-4.4,0.4,-4,-8.1,4,"No Playoffs","No Superbowl"
"587","Kansas City","Chiefs",2018,12,4,565,421,144,9,-0.1,8.9,12.6,-3.8,"Playoffs","No Superbowl"
"588","Los Angeles","Chargers",2018,12,4,428,329,99,6.2,-0.2,6,3,2.9,"Playoffs","No Superbowl"
"589","Denver","Broncos",2018,6,10,329,349,-20,-1.3,0.7,-0.5,-3.6,3.1,"No Playoffs","No Superbowl"
"590","Oakland","Raiders",2018,4,12,290,467,-177,-11.1,1.8,-9.3,-5.2,-4.1,"No Playoffs","No Superbowl"
"591","Dallas","Cowboys",2018,10,6,339,324,15,0.9,0.2,1.1,-1.9,2.9,"Playoffs","No Superbowl"
"592","Philadelphia","Eagles",2018,9,7,367,348,19,1.2,0.5,1.7,0,1.8,"Playoffs","No Superbowl"
"593","Washington","Redskins",2018,7,9,281,359,-78,-4.9,-0.1,-4.9,-5.6,0.6,"No Playoffs","No Superbowl"
"594","New York","Giants",2018,5,11,369,412,-43,-2.7,0.5,-2.2,0.8,-2.9,"No Playoffs","No Superbowl"
"595","Chicago","Bears",2018,12,4,421,283,138,8.6,-2.3,6.3,1.5,4.8,"Playoffs","No Superbowl"
"596","Minnesota","Vikings",2018,8,7,360,341,19,1.2,-0.6,0.6,-1.2,1.8,"No Playoffs","No Superbowl"
"597","Green Bay","Packers",2018,6,9,376,400,-24,-1.5,-1.2,-2.7,0,-2.7,"No Playoffs","No Superbowl"
"598","Detroit","Lions",2018,6,10,324,360,-36,-2.3,-0.8,-3,-3.3,0.3,"No Playoffs","No Superbowl"
"599","New Orleans","Saints",2018,13,3,504,353,151,9.4,0.6,10.1,7.9,2.2,"Playoffs","No Superbowl"
"600","Atlanta","Falcons",2018,7,9,414,423,-9,-0.6,0.4,-0.1,2.5,-2.6,"No Playoffs","No Superbowl"
"601","Carolina","Panthers",2018,7,9,376,382,-6,-0.4,1.3,0.9,0.1,0.8,"No Playoffs","No Superbowl"
"602","Tampa Bay","Buccaneers",2018,5,11,396,464,-68,-4.3,1.7,-2.6,2,-4.6,"No Playoffs","No Superbowl"
"603","Los Angeles","Rams",2018,13,3,527,384,143,8.9,-0.4,8.5,9.5,-1.1,"Playoffs","No Superbowl"
"604","Seattle","Seahawks",2018,10,6,428,347,81,5.1,-0.6,4.5,3,1.5,"Playoffs","No Superbowl"
"605","San Francisco","49ers",2018,4,12,342,435,-93,-5.8,0.3,-5.5,-2.5,-3.1,"No Playoffs","No Superbowl"
"606","Arizona","Cardinals",2018,3,13,225,425,-200,-12.5,1,-11.5,-9.6,-1.9,"No Playoffs","No Superbowl"
"607","New England","Patriots",2019,12,4,420,225,195,12.2,-1.8,10.4,2.8,7.6,"Playoffs","No Superbowl"
"608","Buffalo","Bills",2019,10,6,314,259,55,3.4,-1.3,2.2,-3.5,5.7,"Playoffs","No Superbowl"
"609","New York","Jets",2019,7,9,276,359,-83,-5.2,-1.1,-6.3,-5.7,-0.6,"No Playoffs","No Superbowl"
"610","Miami","Dolphins",2019,5,11,306,494,-188,-11.8,0.2,-11.6,-2.4,-9.1,"No Playoffs","No Superbowl"
"611","Baltimore","Ravens",2019,14,2,531,282,249,15.6,0.1,15.6,11,4.7,"Playoffs","No Superbowl"
"612","Pittsburgh","Steelers",2019,8,8,289,303,-14,-0.9,1.2,0.3,-4.3,4.6,"No Playoffs","No Superbowl"
"613","Cleveland","Browns",2019,6,10,335,393,-58,-3.6,1.7,-1.9,-0.4,-1.5,"No Playoffs","No Superbowl"
"614","Cincinnati","Bengals",2019,2,14,279,420,-141,-8.8,1.5,-7.3,-4.4,-2.9,"No Playoffs","No Superbowl"
"615","Houston","Texans",2019,10,6,378,385,-7,-0.4,1,0.5,1,-0.5,"Playoffs","No Superbowl"
"616","Tennessee","Titans",2019,9,7,402,331,71,4.4,-1,3.4,1.8,1.7,"Playoffs","No Superbowl"
"617","Indianapolis","Colts",2019,7,9,361,373,-12,-0.8,-1.1,-1.8,-1,-0.8,"No Playoffs","No Superbowl"
"618","Jacksonville","Jaguars",2019,6,10,300,397,-97,-6.1,-0.6,-6.7,-4.6,-2.1,"No Playoffs","No Superbowl"
"619","Kansas City","Chiefs",2019,12,4,451,308,143,8.9,0.2,9.1,6.2,2.9,"Playoffs","Won Superbowl"
"620","Denver","Broncos",2019,7,9,282,316,-34,-2.1,0,-2.1,-4.8,2.7,"No Playoffs","No Superbowl"
"621","Oakland","Raiders",2019,7,9,313,419,-106,-6.6,-0.3,-6.9,-2.5,-4.4,"No Playoffs","No Superbowl"
"622","Los Angeles","Chargers",2019,5,11,337,345,-8,-0.5,-0.8,-1.3,-1.6,0.3,"No Playoffs","No Superbowl"
"623","Philadelphia","Eagles",2019,9,7,385,354,31,1.9,-1.7,0.3,0.7,-0.4,"Playoffs","No Superbowl"
"624","Dallas","Cowboys",2019,8,8,434,321,113,7.1,-1.8,5.3,3.8,1.5,"No Playoffs","No Superbowl"
"625","New York","Giants",2019,4,12,341,451,-110,-6.9,-1,-7.9,-1.8,-6.1,"No Playoffs","No Superbowl"
"626","Washington","Redskins",2019,3,13,266,435,-169,-10.6,-0.2,-10.8,-6.3,-4.5,"No Playoffs","No Superbowl"
"627","Green Bay","Packers",2019,13,3,376,313,63,3.9,-0.7,3.2,0.6,2.6,"Playoffs","No Superbowl"
"628","Minnesota","Vikings",2019,10,6,407,303,104,6.5,-1.1,5.4,2.5,2.9,"Playoffs","No Superbowl"
"629","Chicago","Bears",2019,8,8,280,298,-18,-1.1,0.2,-0.9,-5.4,4.5,"No Playoffs","No Superbowl"
"630","Detroit","Lions",2019,3,12,341,423,-82,-5.1,-0.1,-5.2,-1.2,-4,"No Playoffs","No Superbowl"
"631","New Orleans","Saints",2019,13,3,458,341,117,7.3,0,7.4,5,2.3,"Playoffs","No Superbowl"
"632","Atlanta","Falcons",2019,7,9,381,399,-18,-1.1,1.1,-0.1,0.3,-0.4,"No Playoffs","No Superbowl"
"633","Tampa Bay","Buccaneers",2019,7,9,458,449,9,0.6,-0.2,0.4,4.9,-4.5,"No Playoffs","No Superbowl"
"634","Carolina","Panthers",2019,5,11,340,470,-130,-8.1,1.1,-7,-1.9,-5.1,"No Playoffs","No Superbowl"
"635","San Francisco","49ers",2019,13,3,479,310,169,10.6,0.4,11,6.7,4.3,"Playoffs","No Superbowl"
"636","Seattle","Seahawks",2019,11,5,405,398,7,0.4,2.3,2.7,2.9,-0.2,"Playoffs","No Superbowl"
"637","Los Angeles","Rams",2019,9,7,394,364,30,1.9,2,3.9,2.2,1.7,"No Playoffs","No Superbowl"
"638","Arizona","Cardinals",2019,5,10,361,442,-81,-5.1,1.8,-3.2,-0.3,-2.9,"No Playoffs","No Superbowl"
